Rank,Instagram,Facebook
1,https://www.instagram.com/wlop,0
2,0,0
3,https://www.instagram.com/sorastro,0
4,https://www.instagram.com/kirstysart,https://www.facebook.com/Kirsty-Partridge-ART-769692556418716/
5,0,0
6,0,0
7,https://www.instagram.com/lisa_lachri,https://www.facebook.com/Lachri.Fine.Art/
8,https://www.instagram.com/fursonapins,0
9,https://www.instagram.com/wildlife_art_jason,https://www.facebook.com/jason.morgan.wildlife.art/
10,https://www.instagram.com/karenhallionart,0
